first_name,last_name,email,id_user
Juan Carlos,Iarza,juancarlosiarza@gmail.com,
Esteban,Iarza,iarzaesteban94@gmail.com,
Pepe, Pepito,esteban_sanjo@hotmail.com,
Otro,Otro,banckington@gmail.com,
Noelia,Maiorana,noeliabio120692@gmail.com,
Russell,Murray,tdickson@adkins.com,
Deborah,Jimenez,kiddjeremy@gmail.com,
Angelica,Cuevas,amy20@hanna.com,
Charlene,Fuentes,nrivera@yahoo.com,
Kimberly,Ramirez,lflores@hotmail.com,
Tony,Morgan,sierra11@james.biz,
Sean,Hansen,gfernandez@gmail.com,
Sydney,Ewing,vcalhoun@gmail.com,
Laura,Mcgee,nhall@hotmail.com,
Maria,Klein,tcurtis@fernandez-nguyen.com,
Patrick,Jones,tranlaurie@bond-jones.com,
Thomas,West,adamstara@richardson.biz,
Andrea,Best,catherine54@lee.info,
Kimberly,Dunn,nicole87@yahoo.com,
Steven,Velez,chadkhan@richards.biz,
Robert,Bullock,douglasruiz@hotmail.com,
Frances,Harper,alexerickson@alvarez-bates.com,
Chelsea,Morrison,nparker@jones.info,
Susan,Taylor,jlewis@wilkerson.com,
Ashley,Baker,karenpage@curtis.biz,
Kelly,Buck,colecaroline@gmail.com,
Jeffrey,Powell,gabrielwilliams@yahoo.com,
Trevor,Allen,ejohnson@gmail.com,
Lori,Oliver,ujohnson@johnson-anderson.com,
Brianna,Wood,krystal04@smith.com,
Kimberly,Tran,robinsonjulie@hotmail.com,
Lynn,Glover,rebecca61@bennett.com,
Walter,Schroeder,williamschristian@yahoo.com,
Carlos,Russell,anita95@ruiz-blake.net,
Joshua,Wallace,vasquezmichelle@hotmail.com,
Thomas,Morgan,sheiladaniel@gmail.com,
Kelly,Vega,longrachel@hotmail.com,
Tiffany,Cook,qsanders@gmail.com,
Kimberly,Price,adamsjohn@bennett.com,
Charles,Patel,savannah76@hotmail.com,
Sarah,Simon,xjohnson@hunter-jackson.biz,
Allison,Hughes,fcastillo@hotmail.com,
Alison,Williams,hartmancarol@foster-frey.info,
Roy,Smith,morganmoreno@gmail.com,
Rachel,Mckee,likenneth@hotmail.com,
Melissa,Park,julia02@cross.biz,
Carl,Banks,robinsanchez@gmail.com,
Joseph,Mckay,heather43@harris.info,
James,Miller,morrissamantha@gmail.com,
David,Miller,pricemichael@hotmail.com,
Maria,Colon,richardsonashley@gmail.com,
Stephanie,May,thomasrebecca@flores.com,
Vincent,Frazier,gmoore@murphy.com,
Jason,Higgins,martinkevin@bradley-walters.net,
Jennifer,Brown,connie77@walter-hunt.com,
Marcus,Wilkerson,stefanie80@rowe.org,
Michelle,Johnson,esims@alvarez.net,
Mary,Ray,wilsonbelinda@hotmail.com,
David,Smith,vasquezkara@hotmail.com,
Douglas,Henderson,woliver@gmail.com,
Jesse,Russo,jennymartin@stevens-martinez.com,
Alexandria,Martin,courtneyharris@yahoo.com,
Jennifer,Rodriguez,doylekristen@gmail.com,
Kari,Burton,herrerajustin@gmail.com,
Amy,Harrington,mark05@mendoza.info,
Anthony,Powell,michelle28@gmail.com,
Erika,Hayden,oscar19@yahoo.com,
Anthony,Lynch,amber86@jenkins-nguyen.org,
Joshua,Mayer,paige55@johnson.net,
Jason,Doyle,howens@hotmail.com,
Katherine,Beck,mackcody@yahoo.com,
Matthew,Franklin,mitchelljackie@hotmail.com,
Willie,Brown,caitlynmerritt@gmail.com,
Ryan,Watts,victor00@frazier-arias.com,
Aaron,Flores,thomas43@yahoo.com,
Joshua,Tyler,skinnervincent@crosby.org,
Tanya,Crawford,droy@day-marquez.com,
Spencer,James,ybailey@yahoo.com,
Christine,Gomez,jennifer27@williams-meza.org,
Daniel,Miller,sellerskaren@hotmail.com,
Zachary,Horton,donald32@gmail.com,
Peter,Benson,connie25@murillo.com,
James,Moore,ncooke@gmail.com,
Christopher,Howell,johnwinters@mckinney-young.info,
Kathy,Wilcox,joann31@yahoo.com,
Kathryn,Adams,santanaheather@gmail.com,
Tyler,Williams,llewis@smith.org,
Anthony,Ellis,lambjoseph@hotmail.com,
Ashley,Burns,brewertammy@pierce.com,
Richard,Cobb,leeamy@goodwin.com,
Kim,Le,gkeller@hotmail.com,
Jeffrey,Wood,markbutler@hotmail.com,
Steven,Rivera,christensentimothy@gmail.com,
Francis,Boyd,bushsean@gmail.com,
Carlos,Park,robinsonandrew@yahoo.com,
Mark,Cunningham,utran@jackson.com,
Elizabeth,Young,pricedonald@hotmail.com,
Reginald,Brewer,billymueller@phillips.com,
Crystal,Davis,michaelreed@chavez.net,
Megan,Martin,ttorres@sosa-greene.com,
Dwayne,Wheeler,peter90@willis-marquez.org,
Alexa,Vang,aschneider@freeman.com,
Kelly,Stone,imiller@hotmail.com,
Dawn,Smith,rsmith@daniels.com,
Jessica,Morgan,munozdaniel@koch-estrada.net,
Dustin,Mendez,kennethmurray@yahoo.com,
Steven,Martin,samantha25@yahoo.com,
Parker,Pollard,greenjonathan@robinson.info,
Michael,James,timothy80@yahoo.com,
Carlos,Taylor,david60@yahoo.com,
Angela,Sandoval,christina80@williams.com,
Joseph,Mcdonald,christopher00@yahoo.com,
Patricia,Wolf,floresbenjamin@johnson.com,
Ann,Cox,catherine61@gmail.com,
Brian,Jordan,johnny40@hotmail.com,
Christina,Lee,timothyweiss@hotmail.com,
Dalton,Williams,johnsonsarah@yahoo.com,
Joshua,King,heatherreynolds@gmail.com,
Rebecca,Smith,qkeith@gmail.com,
Kevin,Poole,turnerspencer@hotmail.com,
Brett,Tran,tgonzalez@hicks-bailey.com,
Brian,Rios,alexanderkristina@hotmail.com,
Daniel,Foster,merrittryan@myers.com,
William,Lucas,hunter77@gutierrez.net,
Cody,Morton,ojohnson@yahoo.com,
Kimberly,Chase,barkerdanielle@santos-pennington.net,
Jeffrey,Gonzalez,brandondixon@price.info,
Devon,Marshall,matthewbarber@wyatt.com,
Bradley,Cunningham,michaelnichols@smith.com,
Rebecca,Dalton,jamesbrown@hotmail.com,
Kevin,Brown,eduardowu@gmail.com,
Stacey,Baker,stevenhill@hotmail.com,
Christina,Lee,vyoung@cummings-wilkerson.com,
Eric,James,rachaelturner@white.com,
Samuel,Carpenter,caitlin66@yahoo.com,
Joseph,Thompson,katherine11@page.net,
William,Johnson,fmartinez@hotmail.com,
Mark,Murray,gregoryjoshua@baker-williams.com,
Alexandra,Proctor,vaughnjose@hotmail.com,
Amanda,Ray,pfoster@hotmail.com,
Jessica,Moore,patty82@gmail.com,
Alex,Gregory,toddnoah@hotmail.com,
Daniel,Morgan,graylauren@harris.biz,
Daniel,Phillips,jessicalopez@martin-matthews.com,
Ernest,Morgan,richardsann@buchanan.info,
Christopher,Guerra,michelle78@ibarra.com,
Paula,Heath,millersamantha@washington.org,
Antonio,Giles,gmoreno@jones.net,
Elizabeth,Brewer,grantbrian@owens-green.com,
Shawn,Griffin,daniel66@yahoo.com,
Rebecca,Cooper,johnsonthomas@hotmail.com,
Sara,Murray,cindyphillips@yahoo.com,
Sarah,Potts,jeremyrobles@yahoo.com,
Tammy,Hicks,jonathan35@gmail.com,
Patrick,Day,jonathankelly@hotmail.com,
Christina,Wilson,vwilson@joseph.com,
Michael,Taylor,wtrevino@gmail.com,
Jacqueline,Martin,donna45@gmail.com,
Jennifer,Hanson,uedwards@green-beard.com,
Daniel,Johnston,kathleen92@hotmail.com,
Andrew,Hernandez,jacksonerin@hotmail.com,
Diane,Nelson,robertsantos@conway-jones.com,
Eric,Nelson,lbryan@yahoo.com,
Linda,Taylor,gabrielle62@gmail.com,
Benjamin,Lindsey,alexandrarivera@harding-williamson.net,
Ryan,Davis,jmelton@chavez.info,
David,Rodriguez,alexandercook@gmail.com,
Clinton,Davis,khall@avila-kerr.com,
Jessica,Chen,qmendoza@yahoo.com,
Aaron,Simmons,randerson@smith-barnes.biz,
Christine,White,christopher00@ball.biz,
Jeremy,Stone,jamie26@gmail.com,
Robert,Long,kimkyle@adams.com,
Elizabeth,Spencer,qwoods@hotmail.com,
Katie,Mcintosh,julie03@yahoo.com,
Erica,Morales,snewton@cox-cole.com,
Edward,Weaver,zmartinez@gmail.com,
Tammy,Ortiz,chloeburke@morgan-cunningham.com,
Andrea,Miller,john19@gmail.com,
Sarah,Johnson,vhenry@evans-rich.com,
Susan,West,gfischer@gmail.com,
Mark,Watson,keith87@bishop.biz,
Justin,Jones,jonathan57@hotmail.com,
Brenda,Garza,salazarsara@hotmail.com,
Alan,Scott,roachjillian@yahoo.com,
Bryan,Baldwin,angelahuerta@alvarez.com,
Erin,Brewer,natalie09@olson-hansen.com,
Anthony,Little,xcobb@griffin-dunlap.biz,
Regina,Olson,loganrobert@gmail.com,
Priscilla,Michael,stephanieshepard@huerta.com,
Mary,Rose,alexanderramsey@mitchell-evans.biz,
Dawn,Rogers,derrickclayton@hotmail.com,
Jeffrey,Wilson,michael46@gmail.com,
Jeremy,Oneill,chelseaolson@hotmail.com,
Stephen,Palmer,rosariocarla@yahoo.com,
Philip,Ochoa,gamblebrian@spears-sharp.com,
Steven,Fletcher,porterjeff@hotmail.com,
Joshua,Wright,mdickerson@hotmail.com,
Diane,Coleman,michael06@gmail.com,
Russell,Moreno,curtis15@gmail.com,
Ann,Hood,alanedwards@hotmail.com,
Kimberly,Johnson,robert77@yahoo.com,
Rodney,Bowen,michael39@king.com,
Anthony,Brown,candiceshaw@bauer-price.com,
Christine,Mendez,fserrano@mckinney.com,
